Type,Chain,Latitude,Longitude
Convenience Store,7-Eleven,25.0698882,121.5234885
Convenience Store,7-Eleven,25.0283778,121.5682162
Convenience Store,7-Eleven,25.1021182,121.5223495
Convenience Store,7-Eleven,25.0424073,121.5127211
Convenience Store,7-Eleven,25.0221088,121.5409804
Convenience Store,7-Eleven,25.0231598,121.5694877
Convenience Store,7-Eleven,25.0219825,121.5688654
Convenience Store,7-Eleven,25.02561,121.5228096
Convenience Store,7-Eleven,25.0224102,121.523681
Convenience Store,7-Eleven,25.0262454,121.543691
Convenience Store,7-Eleven,25.0143713,121.530883
Convenience Store,7-Eleven,25.0163053,121.5306689
Convenience Store,7-Eleven,25.0168447,121.5307397
Convenience Store,7-Eleven,25.0192566,121.5299911
Convenience Store,7-Eleven,25.046547,121.5867825
Convenience Store,7-Eleven,25.056077,121.6138676
Convenience Store,7-Eleven,25.0551572,121.6133335
Convenience Store,7-Eleven,25.0571896,121.6008324
Convenience Store,7-Eleven,25.0570076,121.6056291
Convenience Store,7-Eleven,25.034721,121.5523498
Convenience Store,7-Eleven,25.0475576,121.6154255
Convenience Store,7-Eleven,25.050243,121.5940408
Convenience Store,7-Eleven,25.0543924,121.607667
Convenience Store,7-Eleven,25.038632,121.5345587
Convenience Store,7-Eleven,25.0493012,121.5671526
Convenience Store,7-Eleven,25.0648496,121.5408754
Convenience Store,7-Eleven,25.0885073,121.5994458
Convenience Store,7-Eleven,25.0383452,121.6169261
Convenience Store,7-Eleven,25.0591622,121.6140114
Convenience Store,7-Eleven,25.0520173,121.6162801
Convenience Store,7-Eleven,25.0827947,121.5513222
Convenience Store,7-Eleven,25.0819687,121.5489511
Convenience Store,7-Eleven,25.1040702,121.5212679
Convenience Store,7-Eleven,25.0368978,121.5233043
Convenience Store,7-Eleven,25.1233733,121.5130322
Convenience Store,7-Eleven,25.0823026,121.5679074
Convenience Store,7-Eleven,25.0844598,121.5671483
Convenience Store,7-Eleven,25.0825307,121.5713624
Convenience Store,7-Eleven,25.0865044,121.5673755
Convenience Store,7-Eleven,25.0809057,121.5680607
Convenience Store,7-Eleven,25.1168382,121.51637
Convenience Store,7-Eleven,25.1163728,121.5179733
Convenience Store,7-Eleven,25.0727557,121.5762701
Convenience Store,7-Eleven,25.0828294,121.5464578
Convenience Store,7-Eleven,25.0837259,121.5460554
Convenience Store,7-Eleven,25.0421689,121.5318045
Convenience Store,7-Eleven,25.0682093,121.5928383
Convenience Store,7-Eleven,25.0790064,121.5733476
Convenience Store,7-Eleven,25.0800118,121.5759661
Convenience Store,7-Eleven,25.1188958,121.5529019
Convenience Store,7-Eleven,25.0661487,121.5903763
Convenience Store,7-Eleven,25.03005,121.5516075
Convenience Store,7-Eleven,25.0310608,121.549628
Convenience Store,7-Eleven,25.0171652,121.544737
Convenience Store,7-Eleven,25.0447577,121.5253324
Convenience Store,7-Eleven,25.0313465,121.5007169
Convenience Store,7-Eleven,25.0258111,121.5663509
Convenience Store,7-Eleven,25.0221254,121.5546414
Convenience Store,7-Eleven,25.0576209,121.5192473
Convenience Store,7-Eleven,25.0584772,121.5151947
Convenience Store,7-Eleven,25.05711,121.5176192
Convenience Store,7-Eleven,25.0601868,121.5248768
Convenience Store,7-Eleven,25.0604201,121.5250753
Convenience Store,7-Eleven,25.0584635,121.5253516
Convenience Store,7-Eleven,25.059538,121.5257083
Convenience Store,7-Eleven,25.0602685,121.52122
Convenience Store,7-Eleven,25.0464613,121.5884102
Convenience Store,7-Eleven,25.0495658,121.5594692
Convenience Store,7-Eleven,25.0414584,121.5385929
Convenience Store,7-Eleven,25.0418572,121.5415268
Convenience Store,7-Eleven,24.998201,121.5811169
Convenience Store,7-Eleven,25.0545748,121.5224145
Convenience Store,7-Eleven,25.0550633,121.5236972
Convenience Store,7-Eleven,25.0511423,121.5331997
Convenience Store,7-Eleven,25.1332342,121.5018042
Convenience Store,7-Eleven,25.0609904,121.5334227
Convenience Store,7-Eleven,25.0508511,121.5346597
Convenience Store,7-Eleven,25.0516544,121.5430626
Convenience Store,7-Eleven,25.0637568,121.5334625
Convenience Store,7-Eleven,25.0549607,121.5313743
Convenience Store,7-Eleven,25.0598903,121.5373252
Convenience Store,7-Eleven,25.0537493,121.5372575
Convenience Store,7-Eleven,25.0045917,121.5366408
Convenience Store,7-Eleven,25.0425657,121.5225518
Convenience Store,7-Eleven,25.0859884,121.5900515
Convenience Store,7-Eleven,25.0883476,121.5870037
Convenience Store,7-Eleven,25.0819506,121.5897144
Convenience Store,7-Eleven,25.0590117,121.5463067
Convenience Store,7-Eleven,25.0823334,121.5920574
Convenience Store,7-Eleven,24.9922727,121.5408046
Convenience Store,7-Eleven,25.0442738,121.5362484
Convenience Store,7-Eleven,25.0435167,121.5309045
Convenience Store,7-Eleven,25.0402274,121.5312651
Convenience Store,7-Eleven,25.0427636,121.5304474
Convenience Store,7-Eleven,25.1004162,121.550889
Convenience Store,7-Eleven,25.0668748,121.5409314
Convenience Store,7-Eleven,25.0235554,121.542933
Convenience Store,7-Eleven,25.0580495,121.5390552
Convenience Store,7-Eleven,25.0580764,121.5359015
Convenience Store,7-Eleven,25.0576773,121.5328983
Convenience Store,7-Eleven,25.0450022,121.5095471
Convenience Store,7-Eleven,25.0236976,121.5252449
Convenience Store,7-Eleven,25.0780175,121.5905421
Convenience Store,7-Eleven,25.0749498,121.5853158
Convenience Store,7-Eleven,25.0239933,121.5556523
Convenience Store,7-Eleven,25.0517921,121.5339378
Convenience Store,7-Eleven,25.0517215,121.5395039
Convenience Store,7-Eleven,25.0666629,121.5228423
Convenience Store,7-Eleven,25.0568264,121.576475
Convenience Store,7-Eleven,25.0569989,121.5762444
Convenience Store,7-Eleven,25.0281833,121.5565004
Convenience Store,7-Eleven,25.0280137,121.5567979
Convenience Store,7-Eleven,25.0822149,121.5966846
Convenience Store,7-Eleven,24.9992233,121.5573283
Convenience Store,7-Eleven,24.9866901,121.5689998
Convenience Store,7-Eleven,24.9992707,121.5742034
Convenience Store,7-Eleven,25.0021343,121.5673343
Convenience Store,7-Eleven,25.0440458,121.5074641
Convenience Store,7-Eleven,25.044735,121.5071439
Convenience Store,7-Eleven,25.0014337,121.5397028
Convenience Store,7-Eleven,24.9877631,121.5755733
Convenience Store,7-Eleven,25.0400663,121.5088762
Convenience Store,7-Eleven,25.1370341,121.5042629
Convenience Store,7-Eleven,25.0454652,121.5173934
Convenience Store,7-Eleven,25.0320065,121.5153403
Convenience Store,7-Eleven,25.0454283,121.5254737
Convenience Store,7-Eleven,25.0569476,121.5460823
Convenience Store,7-Eleven,25.0543941,121.5442801
Convenience Store,7-Eleven,25.0417985,121.5637476
Convenience Store,7-Eleven,25.0408362,121.5624786
Convenience Store,7-Eleven,25.0231894,121.5285649
Convenience Store,7-Eleven,25.0218909,121.5264347
Convenience Store,7-Eleven,25.0603972,121.5349691
Convenience Store,7-Eleven,24.9903034,121.5409631
Convenience Store,7-Eleven,25.0257872,121.5543986
Convenience Store,7-Eleven,25.0311315,121.5042646
Convenience Store,7-Eleven,25.0280568,121.5024974
Convenience Store,7-Eleven,25.0305604,121.5525672
Convenience Store,7-Eleven,25.0468092,121.5134079
Convenience Store,7-Eleven,25.0441338,121.5136693
Convenience Store,7-Eleven,25.0423855,121.52652
Convenience Store,7-Eleven,25.0561422,121.5304152
Convenience Store,7-Eleven,25.0548049,121.581029
Convenience Store,7-Eleven,25.0453176,121.5039864
Convenience Store,7-Eleven,25.0365408,121.500615
Convenience Store,7-Eleven,25.0427984,121.5049052
Convenience Store,7-Eleven,25.0557794,121.5943271
Convenience Store,7-Eleven,25.0584859,121.5473715
Convenience Store,7-Eleven,25.0534552,121.5438255
Convenience Store,7-Eleven,25.0482335,121.5405633
Convenience Store,7-Eleven,24.9927187,121.5440671
Convenience Store,7-Eleven,25.042391,121.5395945
Convenience Store,7-Eleven,25.0541123,121.5493441
Convenience Store,7-Eleven,24.9933271,121.5401111
Convenience Store,7-Eleven,25.0540037,121.5920672
Convenience Store,7-Eleven,25.0531854,121.5897932
Convenience Store,7-Eleven,25.0501902,121.5765351
Convenience Store,7-Eleven,25.0723196,121.6055146
Convenience Store,7-Eleven,24.9876206,121.5503179
Convenience Store,7-Eleven,25.0468743,121.5416697
Convenience Store,7-Eleven,24.9880202,121.5550259
Convenience Store,7-Eleven,25.0568831,121.584585
Convenience Store,7-Eleven,25.0488536,121.5625572
Convenience Store,7-Eleven,25.0823946,121.5908994
Convenience Store,7-Eleven,25.0729956,121.5775835
Convenience Store,7-Eleven,25.0330983,121.5299396
Convenience Store,7-Eleven,24.9985537,121.5485181
Convenience Store,7-Eleven,25.0309699,121.5433145
Convenience Store,7-Eleven,25.050856,121.593968
Convenience Store,7-Eleven,25.0511935,121.5780602
Convenience Store,7-Eleven,25.0370811,121.5324977
Convenience Store,7-Eleven,25.0848729,121.5997343
Convenience Store,7-Eleven,25.0404016,121.5631994
Convenience Store,7-Eleven,25.055152,121.5151826
Convenience Store,7-Eleven,25.0414846,121.5879006
Convenience Store,7-Eleven,25.0463398,121.5870691
Convenience Store,7-Eleven,25.0780398,121.5497252
Convenience Store,7-Eleven,25.0210974,121.5482677
Convenience Store,7-Eleven,25.0797903,121.578762
Convenience Store,7-Eleven,25.0787298,121.5833436
Convenience Store,7-Eleven,25.0079025,121.5385679
Convenience Store,7-Eleven,25.0312372,121.5611055
Convenience Store,7-Eleven,25.0523754,121.5639603
Convenience Store,7-Eleven,25.0515577,121.5667927
Convenience Store,7-Eleven,25.0450359,121.5837085
Convenience Store,7-Eleven,24.9874461,121.5773249
Convenience Store,7-Eleven,25.0317093,121.5669059
Convenience Store,7-Eleven,25.0245848,121.5635469
Convenience Store,7-Eleven,25.0358233,121.5785651
Convenience Store,7-Eleven,25.0271473,121.5637231
Convenience Store,7-Eleven,25.0429078,121.5424488
Convenience Store,7-Eleven,25.0480343,121.5512501
Convenience Store,7-Eleven,25.1525423,121.5474799
Convenience Store,7-Eleven,25.0400679,121.5339078
Convenience Store,7-Eleven,25.0464593,121.5068402
Convenience Store,7-Eleven,25.0524725,121.5477847
Convenience Store,7-Eleven,25.0438737,121.5213904
Convenience Store,7-Eleven,25.0437372,121.5228607
Convenience Store,7-Eleven,25.0401372,121.5221038
Convenience Store,7-Eleven,25.0203881,121.5544076
Convenience Store,7-Eleven,25.0471788,121.5428263
Convenience Store,7-Eleven,25.0485411,121.535098
Convenience Store,7-Eleven,25.0405271,121.5506241
Convenience Store,7-Eleven,25.021555,121.5023846
Convenience Store,7-Eleven,25.0805946,121.5910247
Convenience Store,7-Eleven,25.0798485,121.595055
Convenience Store,7-Eleven,25.0410245,121.5414162
Convenience Store,7-Eleven,25.0508804,121.5526908
Convenience Store,7-Eleven,25.082989,121.5750694
Convenience Store,7-Eleven,25.0848463,121.574745
Convenience Store,7-Eleven,25.0461821,121.5051241
Convenience Store,7-Eleven,25.044291,121.5039349
Convenience Store,7-Eleven,25.050963,121.5496081
Convenience Store,7-Eleven,25.0000038,121.5394967
Convenience Store,7-Eleven,25.0445778,121.5166493
Convenience Store,7-Eleven,25.0580621,121.5551077
Convenience Store,7-Eleven,25.040617,121.504844
Convenience Store,7-Eleven,25.0411554,121.506828
Convenience Store,7-Eleven,25.1105392,121.5146161
Convenience Store,7-Eleven,25.065003,121.5280412
Convenience Store,7-Eleven,25.064797,121.5264526
Convenience Store,7-Eleven,25.0650415,121.5255076
Convenience Store,7-Eleven,24.9957584,121.5470803
Convenience Store,7-Eleven,24.9948696,121.5448229
Convenience Store,7-Eleven,24.9979131,121.544525
Convenience Store,7-Eleven,25.0667227,121.5260493
Convenience Store,7-Eleven,25.0543246,121.5145576
Convenience Store,7-Eleven,25.0384809,121.5286079
Convenience Store,7-Eleven,25.0454948,121.5690035
Convenience Store,7-Eleven,25.1148949,121.508145
Convenience Store,7-Eleven,25.1173935,121.506957
Convenience Store,7-Eleven,25.0451068,121.5049834
Convenience Store,7-Eleven,25.0431377,121.5658752
Convenience Store,7-Eleven,25.047305,121.5665033
Convenience Store,7-Eleven,25.0471476,121.5667648
Convenience Store,7-Eleven,25.0390372,121.5255343
Convenience Store,7-Eleven,25.0526101,121.5336705
Convenience Store,7-Eleven,24.988618,121.5600361
Convenience Store,7-Eleven,25.0412862,121.5652267
Convenience Store,7-Eleven,25.0441486,121.6158613
Convenience Store,7-Eleven,25.0226059,121.5498421
Convenience Store,7-Eleven,25.0253328,121.5495343
Convenience Store,7-Eleven,25.0023391,121.5385974
Convenience Store,7-Eleven,25.0330434,121.5054459
Convenience Store,7-Eleven,25.0387131,121.5859956
Convenience Store,7-Eleven,25.0377095,121.5833251
Convenience Store,7-Eleven,25.0429099,121.5836026
Convenience Store,7-Eleven,25.0546603,121.534456
Convenience Store,7-Eleven,25.0877726,121.5262248
Convenience Store,7-Eleven,25.0809874,121.5228668
Convenience Store,7-Eleven,25.1375906,121.5034304
Convenience Store,7-Eleven,25.1359017,121.5058044
Convenience Store,7-Eleven,24.9876197,121.5698762
Convenience Store,7-Eleven,25.0801846,121.5661527
Convenience Store,7-Eleven,25.0501471,121.565528
Convenience Store,7-Eleven,25.0504828,121.5643791
Convenience Store,7-Eleven,25.0486109,121.5316553
Convenience Store,7-Eleven,25.0564487,121.5333236
Convenience Store,7-Eleven,25.1262602,121.5014221
Convenience Store,7-Eleven,25.0642725,121.5508147
Convenience Store,7-Eleven,25.0285131,121.5410301
Convenience Store,7-Eleven,25.0257628,121.5386597
Convenience Store,7-Eleven,25.0286709,121.5382726
Convenience Store,7-Eleven,25.0264865,121.5325019
Convenience Store,7-Eleven,24.9804556,121.5562945
Convenience Store,7-Eleven,25.0682655,121.5230616
Convenience Store,7-Eleven,24.9884886,121.5668929
Convenience Store,7-Eleven,25.0946618,121.5238349
Convenience Store,7-Eleven,25.0863443,121.5249825
Convenience Store,7-Eleven,25.0296284,121.5033901
Convenience Store,7-Eleven,25.0298071,121.5283598
Convenience Store,7-Eleven,25.0559792,121.6172629
Convenience Store,7-Eleven,25.0406631,121.5650691
Convenience Store,7-Eleven,25.0498807,121.5767488
Convenience Store,7-Eleven,25.0482905,121.5468986
Convenience Store,7-Eleven,25.0479099,121.5564684
Convenience Store,7-Eleven,25.0268368,121.5685667
Convenience Store,7-Eleven,25.035488,121.5273028
Convenience Store,7-Eleven,25.033248,121.5269276
Convenience Store,7-Eleven,25.0261778,121.557384
Convenience Store,7-Eleven,25.0687606,121.5859716
Convenience Store,7-Eleven,25.0719772,121.6063973
Convenience Store,7-Eleven,25.0713451,121.6123287
Convenience Store,7-Eleven,25.0726407,121.6108023
Convenience Store,7-Eleven,25.0698271,121.6171648
Convenience Store,7-Eleven,25.0721463,121.6079721
Convenience Store,7-Eleven,25.0734245,121.6195974
Convenience Store,7-Eleven,25.0688833,121.6141525
Convenience Store,7-Eleven,25.0676186,121.6132059
Convenience Store,7-Eleven,25.0723239,121.6084801
Convenience Store,7-Eleven,25.028447,121.5453857
Convenience Store,7-Eleven,25.0491065,121.5157966
Convenience Store,7-Eleven,25.0315268,121.5294748
Convenience Store,7-Eleven,25.0280885,121.5475712
Convenience Store,7-Eleven,25.0369311,121.5691031
Convenience Store,7-Eleven,25.0547741,121.5406509
Convenience Store,7-Eleven,25.0470882,121.5492995
Convenience Store,7-Eleven,25.0345377,121.5277772
Convenience Store,7-Eleven,25.0274192,121.5218958
Convenience Store,7-Eleven,25.0426372,121.5505589
Convenience Store,7-Eleven,25.1301164,121.4994727
Convenience Store,7-Eleven,25.0401109,121.5718336
Convenience Store,7-Eleven,25.1377713,121.5419672
Convenience Store,7-Eleven,24.9845044,121.5621816
Convenience Store,7-Eleven,25.0341456,121.4930555
Convenience Store,7-Eleven,25.0320311,121.4916431
Convenience Store,7-Eleven,25.0558491,121.542988
Convenience Store,7-Eleven,25.0574254,121.5508256
Convenience Store,7-Eleven,25.0584002,121.5504745
Convenience Store,7-Eleven,25.0009659,121.5706186
Convenience Store,7-Eleven,25.018368,121.5570902
Convenience Store,7-Eleven,25.0460929,121.5187067
Convenience Store,7-Eleven,25.0434612,121.5463057
Convenience Store,7-Eleven,25.0348063,121.5736466
Convenience Store,7-Eleven,25.0530195,121.5316271
Convenience Store,7-Eleven,25.0647806,121.5225801
Convenience Store,7-Eleven,25.046899,121.5176558
Convenience Store,7-Eleven,25.0481825,121.5169895
Convenience Store,7-Eleven,25.0455477,121.5068589
Convenience Store,7-Eleven,25.0494343,121.5228694
Convenience Store,7-Eleven,25.0186781,121.5589462
Convenience Store,7-Eleven,25.0421924,121.5083584
Convenience Store,7-Eleven,25.0381844,121.5473921
Convenience Store,7-Eleven,25.1027501,121.5228818
Convenience Store,7-Eleven,25.0440199,121.5254055
Convenience Store,7-Eleven,25.031528,121.5186816
Convenience Store,7-Eleven,25.0298533,121.5159335
Convenience Store,7-Eleven,25.0331792,121.5202608
Convenience Store,7-Eleven,25.0296761,121.518483
Convenience Store,7-Eleven,25.0355146,121.5080131
Convenience Store,7-Eleven,25.0344469,121.5076302
Convenience Store,7-Eleven,25.0738614,121.576155
Convenience Store,7-Eleven,25.0406253,121.5564562
Convenience Store,7-Eleven,25.0401463,121.5574539
Convenience Store,7-Eleven,25.1378374,121.5464129
Convenience Store,7-Eleven,25.0344416,121.5755321
Convenience Store,7-Eleven,25.052721,121.5403383
Convenience Store,7-Eleven,25.0352351,121.5253036
Convenience Store,7-Eleven,25.1162597,121.523112
Convenience Store,7-Eleven,25.0508,121.5178538
Convenience Store,7-Eleven,25.0425206,121.5541525
Convenience Store,7-Eleven,25.0360051,121.5014743
Convenience Store,7-Eleven,25.0406758,121.5768678
Convenience Store,7-Eleven,25.0316632,121.5595697
Convenience Store,7-Eleven,25.0319348,121.5587162
Convenience Store,7-Eleven,25.0322101,121.5572602
Convenience Store,7-Eleven,25.0275011,121.553593
Convenience Store,7-Eleven,25.0846212,121.5615097
Convenience Store,7-Eleven,25.0796776,121.557486
Convenience Store,7-Eleven,25.040719,121.5741105
Convenience Store,7-Eleven,25.0422117,121.5137258
Convenience Store,7-Eleven,25.0463233,121.5534312
Convenience Store,7-Eleven,25.0490214,121.5332111
Convenience Store,7-Eleven,25.0374035,121.5751037
Convenience Store,7-Eleven,24.9915019,121.5400431
Convenience Store,7-Eleven,25.0784634,121.5788567
Convenience Store,7-Eleven,25.1089997,121.5188053
Convenience Store,7-Eleven,25.1094766,121.5194043
Convenience Store,7-Eleven,25.0955211,121.5260324
Convenience Store,7-Eleven,25.0947382,121.5259281
Convenience Store,7-Eleven,25.0417179,121.5672478
Convenience Store,7-Eleven,25.104738,121.5234824
Convenience Store,7-Eleven,25.060197,121.5303804
Convenience Store,7-Eleven,25.0603885,121.5324654
Convenience Store,7-Eleven,25.0581096,121.53152
Convenience Store,7-Eleven,25.0080499,121.5368309
Convenience Store,7-Eleven,25.1141314,121.5196638
Convenience Store,7-Eleven,25.1137162,121.5237685
Convenience Store,7-Eleven,25.0567488,121.5606115
Convenience Store,7-Eleven,25.1399882,121.5066413
Convenience Store,7-Eleven,25.0754428,121.6087918
Convenience Store,7-Eleven,25.0509864,121.56097
Convenience Store,7-Eleven,25.0731054,121.5113888
Convenience Store,7-Eleven,25.0511928,121.5316525
Convenience Store,7-Eleven,25.0331176,121.4916605
Convenience Store,7-Eleven,25.1453109,121.4951671
Convenience Store,7-Eleven,25.044108,121.5313654
Convenience Store,7-Eleven,25.0906967,121.5012699
Convenience Store,7-Eleven,25.0331925,121.5424673
Convenience Store,7-Eleven,25.1215413,121.4674681
Convenience Store,7-Eleven,25.1281344,121.4685282
Convenience Store,7-Eleven,25.1378707,121.4848736
Convenience Store,7-Eleven,25.13644,121.4960326
Convenience Store,7-Eleven,25.1349518,121.4995141
Convenience Store,7-Eleven,25.1390893,121.5018495
Convenience Store,7-Eleven,25.1410004,121.499875
Convenience Store,7-Eleven,24.982385,121.5595854
Convenience Store,7-Eleven,24.9826418,121.5640478
Convenience Store,7-Eleven,24.9831111,121.5666991
Convenience Store,7-Eleven,25.0831063,121.5193827
Convenience Store,7-Eleven,25.0803967,121.5220568
Convenience Store,7-Eleven,25.0856962,121.5215557
Convenience Store,7-Eleven,25.1174438,121.5129738
Convenience Store,7-Eleven,25.1179855,121.5222664
Convenience Store,7-Eleven,25.0136764,121.534395
Convenience Store,7-Eleven,25.1040436,121.5267399
Convenience Store,7-Eleven,25.0125169,121.5354124
Convenience Store,7-Eleven,25.015469,121.5322663
Convenience Store,7-Eleven,25.033746,121.5577319
Convenience Store,7-Eleven,25.0252287,121.500269
Convenience Store,7-Eleven,25.0260331,121.5006284
Convenience Store,7-Eleven,25.0259705,121.5055037
Convenience Store,7-Eleven,25.1186017,121.5274276
Convenience Store,7-Eleven,25.0255383,121.5173719
Convenience Store,7-Eleven,25.0363671,121.5373121
Convenience Store,7-Eleven,25.1369178,121.5464621
Convenience Store,7-Eleven,25.0235675,121.5482866
Convenience Store,7-Eleven,25.0259793,121.5337008
Convenience Store,7-Eleven,25.0396818,121.5779434
Convenience Store,7-Eleven,25.0538181,121.5611669
Convenience Store,7-Eleven,25.0812465,121.5723717
Convenience Store,7-Eleven,25.0829,121.5784087
Convenience Store,7-Eleven,25.032805,121.5746591
Convenience Store,7-Eleven,25.0892623,121.5077658
Convenience Store,7-Eleven,25.0893525,121.5049723
Convenience Store,7-Eleven,25.0930596,121.4982648
Convenience Store,7-Eleven,25.0521988,121.5377742
Convenience Store,7-Eleven,25.0524918,121.546471
Convenience Store,7-Eleven,25.062378,121.528916
Convenience Store,7-Eleven,25.058429,121.560386
Convenience Store,7-Eleven,25.0561911,121.5564759
Convenience Store,7-Eleven,25.0181309,121.5508782
Convenience Store,7-Eleven,25.0527755,121.6059992
Convenience Store,7-Eleven,25.0450856,121.5137726
Convenience Store,7-Eleven,24.9850988,121.5799512
Convenience Store,7-Eleven,25.0001142,121.5531747
Convenience Store,7-Eleven,25.0581043,121.5632167
Convenience Store,7-Eleven,25.0239906,121.5293582
Convenience Store,7-Eleven,25.065362,121.5181223
Convenience Store,7-Eleven,25.0652236,121.5185502
Convenience Store,7-Eleven,25.0513367,121.5299048
Convenience Store,7-Eleven,25.0009907,121.5497765
Convenience Store,7-Eleven,25.0012086,121.5502677
Convenience Store,7-Eleven,25.0028366,121.5513628
Convenience Store,7-Eleven,25.0525669,121.5419826
Convenience Store,7-Eleven,25.049777,121.5435354
Convenience Store,7-Eleven,24.9891284,121.5629361
Convenience Store,7-Eleven,24.9915573,121.5741641
Convenience Store,7-Eleven,25.0420426,121.5481675
Convenience Store,7-Eleven,25.1154241,121.515601
Convenience Store,7-Eleven,25.1008637,121.5222603
Convenience Store,7-Eleven,24.9997644,121.5578689
Convenience Store,7-Eleven,25.0790362,121.5943948
Convenience Store,7-Eleven,25.0256808,121.5519083
Convenience Store,7-Eleven,25.0291158,121.5647401
Convenience Store,7-Eleven,25.0420274,121.5685816
Convenience Store,7-Eleven,25.0421885,121.5520785
Convenience Store,7-Eleven,25.0434443,121.5688589
Convenience Store,7-Eleven,25.0707118,121.51932
Convenience Store,7-Eleven,25.1118537,121.5376147
Convenience Store,7-Eleven,25.0538272,121.5129942
Convenience Store,7-Eleven,25.0780116,121.5705986
Convenience Store,7-Eleven,25.0645566,121.5348513
Convenience Store,7-Eleven,25.0847301,121.5574034
Convenience Store,7-Eleven,25.0490667,121.5266089
Convenience Store,7-Eleven,25.0490771,121.5890897
Convenience Store,7-Eleven,25.0521177,121.5105848
Convenience Store,7-Eleven,25.0238734,121.5189539
Convenience Store,7-Eleven,25.0618005,121.5255232
Convenience Store,7-Eleven,25.0793906,121.569497
Convenience Store,7-Eleven,25.0898449,121.5264339
Convenience Store,7-Eleven,25.0984874,121.5323327
Convenience Store,7-Eleven,25.0800418,121.5705611
Convenience Store,7-Eleven,25.1018178,121.5292504
Convenience Store,7-Eleven,25.0270149,121.5257247
Convenience Store,7-Eleven,25.0504531,121.5166936
Convenience Store,7-Eleven,25.0518384,121.5215106
Convenience Store,7-Eleven,25.063199,121.529122
Convenience Store,7-Eleven,25.0484959,121.5278904
Convenience Store,7-Eleven,25.0800816,121.5509887
Convenience Store,7-Eleven,25.0947058,121.5225403
Convenience Store,7-Eleven,25.0266021,121.5207474
Convenience Store,7-Eleven,25.0252327,121.5422673
Convenience Store,7-Eleven,25.055845,121.5389661
Convenience Store,7-Eleven,25.029162,121.5614343
Convenience Store,7-Eleven,25.000337,121.5555447
Convenience Store,7-Eleven,25.0600724,121.5438692
Convenience Store,7-Eleven,25.0583285,121.5408143
Convenience Store,7-Eleven,25.0313875,121.5541694
Convenience Store,7-Eleven,25.032222,121.5438041
Convenience Store,7-Eleven,25.0399552,121.5531571
Convenience Store,7-Eleven,25.0414915,121.546133
Convenience Store,7-Eleven,25.0602278,121.523778
Convenience Store,7-Eleven,25.0583369,121.511648
Convenience Store,7-Eleven,25.0570456,121.5110488
Convenience Store,7-Eleven,25.0719023,121.5156516
Convenience Store,7-Eleven,24.9964818,121.5601751
Convenience Store,7-Eleven,25.0343535,121.5458301
Convenience Store,7-Eleven,25.0607544,121.5479172
Convenience Store,7-Eleven,25.1175132,121.5131121
Convenience Store,7-Eleven,25.0502477,121.5256199
Convenience Store,7-Eleven,25.0865626,121.5641539
Convenience Store,7-Eleven,25.1282645,121.4723754
Convenience Store,7-Eleven,25.0585943,121.5581791
Convenience Store,7-Eleven,25.0571892,121.5662166
Convenience Store,7-Eleven,25.036115,121.5464884
Convenience Store,7-Eleven,25.0219443,121.5509614
Convenience Store,7-Eleven,25.094785,121.5184076
Convenience Store,7-Eleven,25.0496245,121.5551953
Convenience Store,7-Eleven,24.9894243,121.5450919
Convenience Store,7-Eleven,25.0733189,121.6044042
Convenience Store,7-Eleven,25.0762639,121.5790404
Convenience Store,7-Eleven,25.0748342,121.5769941
Convenience Store,7-Eleven,25.0579198,121.5246168
Convenience Store,7-Eleven,25.084239,121.5100503
Convenience Store,7-Eleven,25.0820285,121.5105068
Convenience Store,7-Eleven,25.0852905,121.509514
Convenience Store,7-Eleven,25.0861836,121.508265
Convenience Store,7-Eleven,25.0732139,121.5751469
Convenience Store,7-Eleven,25.0513456,121.5145875
Convenience Store,7-Eleven,25.0343256,121.5301181
Convenience Store,7-Eleven,25.1305295,121.5009777
Convenience Store,7-Eleven,25.1330728,121.5031024
Convenience Store,7-Eleven,25.0021627,121.5420936
Convenience Store,7-Eleven,25.1373153,121.5008169
Convenience Store,7-Eleven,25.0836523,121.5557134
Convenience Store,7-Eleven,25.0623026,121.5318481
Convenience Store,7-Eleven,25.0406844,121.5473211
Convenience Store,7-Eleven,25.0516898,121.5615617
Convenience Store,7-Eleven,25.0287294,121.5495069
Convenience Store,7-Eleven,25.0274273,121.5516016
Convenience Store,7-Eleven,25.0246215,121.5508811
Convenience Store,7-Eleven,25.0325384,121.5543892
Convenience Store,7-Eleven,25.0631473,121.5164337
Convenience Store,7-Eleven,25.0443848,121.5058734
Convenience Store,7-Eleven,25.0532653,121.5087509
Convenience Store,7-Eleven,25.0541979,121.5102528
Convenience Store,7-Eleven,25.0658076,121.5111729
Convenience Store,7-Eleven,25.0504268,121.5151142
Convenience Store,7-Eleven,25.0430411,121.5042783
Convenience Store,7-Eleven,25.042448,121.5058207
Convenience Store,7-Eleven,25.044894,121.5105362
Convenience Store,7-Eleven,25.045071,121.512226
Convenience Store,7-Eleven,25.045873,121.5122028
Convenience Store,7-Eleven,25.0268,121.5293509
Convenience Store,7-Eleven,25.0515259,121.5363628
Convenience Store,7-Eleven,25.0222506,121.5311453
Convenience Store,7-Eleven,25.0568706,121.5149801
Convenience Store,7-Eleven,25.0922896,121.5051317
Convenience Store,7-Eleven,25.0860911,121.5919619
Convenience Store,7-Eleven,25.0376068,121.5168067
Convenience Store,7-Eleven,25.0347995,121.4988371
Convenience Store,7-Eleven,25.03838,121.4977923
Convenience Store,7-Eleven,25.0382878,121.5030755
Convenience Store,7-Eleven,25.0366458,121.5037496
Convenience Store,7-Eleven,25.0230694,121.537095
Convenience Store,7-Eleven,25.0520863,121.5581225
Convenience Store,7-Eleven,25.0265247,121.5318143
Convenience Store,7-Eleven,25.0251095,121.5315547
Convenience Store,7-Eleven,25.0507565,121.5714762
Convenience Store,7-Eleven,25.0504492,121.5804961
Convenience Store,7-Eleven,25.0451848,121.5480284
Convenience Store,7-Eleven,25.0456108,121.5441128
Convenience Store,7-Eleven,25.0424331,121.5568529
Convenience Store,7-Eleven,25.0440042,121.5575004
Convenience Store,7-Eleven,25.0531979,121.5525006
Convenience Store,7-Eleven,25.0343057,121.5544071
Convenience Store,7-Eleven,25.0472569,121.577587
Convenience Store,7-Eleven,25.0844747,121.6001043
Convenience Store,7-Eleven,25.0840408,121.5491047
Convenience Store,7-Eleven,25.0442,121.5112324
Convenience Store,7-Eleven,25.055797,121.5138257
Convenience Store,7-Eleven,25.0739192,121.5140618
Convenience Store,7-Eleven,25.0560391,121.5247885
Convenience Store,7-Eleven,25.0576174,121.5233276
Convenience Store,7-Eleven,25.0470824,121.5059274
Convenience Store,7-Eleven,25.054999,121.5265752
Convenience Store,7-Eleven,25.0649503,121.5304516
Convenience Store,7-Eleven,25.0334815,121.5000549
Convenience Store,7-Eleven,25.1123941,121.5375803
Convenience Store,7-Eleven,25.1087412,121.5243857
Convenience Store,7-Eleven,25.1089753,121.5307046
Convenience Store,7-Eleven,25.1197573,121.5268781
Convenience Store,7-Eleven,25.0972624,121.5241635
Convenience Store,7-Eleven,25.1076222,121.5286036
Convenience Store,7-Eleven,25.0263917,121.5137771
Convenience Store,7-Eleven,25.1370013,121.5414941
Convenience Store,7-Eleven,25.0338994,121.6105303
Convenience Store,7-Eleven,25.0440136,121.5063662
Convenience Store,7-Eleven,25.1257335,121.534673
Convenience Store,7-Eleven,25.025768,121.5622098
Convenience Store,7-Eleven,25.0546321,121.5253176
Convenience Store,7-Eleven,25.1186111,121.5310313
Convenience Store,7-Eleven,25.0331362,121.5447467
Convenience Store,7-Eleven,25.0916318,121.5254299
Convenience Store,7-Eleven,25.0021501,121.5372808
Convenience Store,7-Eleven,25.0337201,121.5386903
Convenience Store,7-Eleven,25.0337989,121.5346168
Convenience Store,7-Eleven,25.0416572,121.5789742
Convenience Store,7-Eleven,25.0343027,121.5600608
Convenience Store,7-Eleven,25.0045442,121.5566836
Convenience Store,7-Eleven,25.0304386,121.5295796
Convenience Store,7-Eleven,25.0836203,121.5247281
Convenience Store,7-Eleven,24.9955014,121.5414359
Convenience Store,7-Eleven,25.026588,121.5469357
Convenience Store,7-Eleven,25.0386741,121.5452692
Convenience Store,7-Eleven,25.0656826,121.5159103
Convenience Store,7-Eleven,25.0564117,121.5225624
Convenience Store,7-Eleven,25.0782899,121.5687572
Convenience Store,7-Eleven,25.0843088,121.5174642
Convenience Store,7-Eleven,25.084169,121.5226742
Convenience Store,7-Eleven,25.0889935,121.5183171
Convenience Store,7-Eleven,25.0887634,121.5225815
Convenience Store,7-Eleven,25.0961816,121.5213825
Convenience Store,7-Eleven,25.0896164,121.5158504
Convenience Store,7-Eleven,25.0965652,121.5147006
Convenience Store,7-Eleven,24.9811572,121.5581057
Convenience Store,7-Eleven,24.9815097,121.5603573
Convenience Store,7-Eleven,25.0529619,121.5476149
Convenience Store,7-Eleven,25.0716403,121.5135212
Convenience Store,7-Eleven,25.04627,121.5167692
Convenience Store,7-Eleven,25.0529412,121.5447518
Convenience Store,X-store,25.04697,121.5667373
Convenience Store,X-store 2??????,25.0423736,121.5648565
Convenience Store,7-Eleven,24.997659,121.5738105
Convenience Store,7-Eleven,25.0864553,121.5670354
Convenience Store,7-Eleven,25.0521866,121.5389264
Convenience Store,7-Eleven,25.0565178,121.6165616
Convenience Store,7-Eleven,25.0511545,121.5327105
Convenience Store,7-Eleven,25.0796633,121.5592807
Convenience Store,7-Eleven,25.0518806,121.5119582
Convenience Store,7-Eleven,25.1139916,121.5125161
Convenience Store,7-Eleven,25.0500945,121.5442302
Convenience Store,7-Eleven,25.0518677,121.5661179
Convenience Store,7-Eleven,25.0266601,121.4916148
Convenience Store,7-Eleven,25.0236831,121.4953101
Convenience Store,7-Eleven,25.0400257,121.5519565
Convenience Store,7-Eleven,25.0256853,121.543896
Convenience Store,7-Eleven,25.0758316,121.5732477
Convenience Store,7-Eleven,25.0394557,121.5766654
Convenience Store,7-Eleven,25.1120671,121.5135446
Convenience Store,7-Eleven,25.1098789,121.5202421
Convenience Store,7-Eleven,25.0388374,121.55002
Convenience Store,7-Eleven,25.0407841,121.5314612
Convenience Store,7-Eleven,25.0428489,121.505219
Convenience Store,7-Eleven,25.0809396,121.5465076
Convenience Store,7-Eleven,25.0381521,121.5528723
Convenience Store,7-Eleven,25.0781565,121.574824
Convenience Store,7-Eleven,25.0447078,121.5153625
Convenience Store,7-Eleven,25.0467016,121.5151913
Convenience Store,7-Eleven,25.0449209,121.5181756
Convenience Store,7-Eleven,25.0684669,121.5124503
Convenience Store,7-Eleven,25.0145144,121.5379918
Convenience Store,7-Eleven,25.0337329,121.5366656
Convenience Store,7-Eleven,25.0343868,121.5501639
Convenience Store,7-Eleven,25.0797548,121.5656151
Convenience Store,7-Eleven,25.0280526,121.5095522
Convenience Store,7-Eleven,25.0233297,121.5210414
Convenience Store,7-Eleven,25.1372792,121.5415524
Convenience Store,7-Eleven,25.0626292,121.5200375
Convenience Store,7-Eleven,25.0444778,121.5238723
Convenience Store,7-Eleven,25.0478773,121.5188205
Convenience Store,7-Eleven,25.1190555,121.4661473
Convenience Store,7-Eleven,25.046825,121.5138075
Convenience Store,7-Eleven,25.0517691,121.5235807
Convenience Store,7-Eleven,25.1179584,121.5358686
Convenience Store,7-Eleven,25.1167332,121.5319288
Convenience Store,7-Eleven,25.1167607,121.5331958
Convenience Store,7-Eleven,25.1188351,121.5323916
Convenience Store,7-Eleven,25.123819,121.5328216
Convenience Store,7-Eleven,25.1231638,121.5314742
Convenience Store,7-Eleven,25.1229836,121.525011
Convenience Store,7-Eleven,25.1212545,121.5228867
Convenience Store,7-Eleven,25.1185734,121.5182733
Convenience Store,7-Eleven,25.1173883,121.5225434
Convenience Store,7-Eleven,25.1056254,121.5176739
Convenience Store,7-Eleven,25.1097609,121.5346979
Convenience Store,7-Eleven,25.1076725,121.5328923
Convenience Store,7-Eleven,25.1058452,121.5313902
Convenience Store,7-Eleven,25.1056528,121.5287198
Convenience Store,7-Eleven,25.0831782,121.5118703
Convenience Store,7-Eleven,25.0657215,121.5367725
Convenience Store,7-Eleven,25.0617268,121.5380207
Convenience Store,7-Eleven,25.0603328,121.5393526
Convenience Store,7-Eleven,25.0600775,121.5408884
Convenience Store,7-Eleven,25.0701793,121.580353
Convenience Store,7-Eleven,25.0807258,121.5682965
Convenience Store,7-Eleven,25.080672,121.5634353
Convenience Store,7-Eleven,25.0725157,121.5185843
Convenience Store,7-Eleven,25.0681365,121.6161767
Convenience Store,7-Eleven,25.0624209,121.5937658
Convenience Store,7-Eleven,25.0677227,121.5876626
Convenience Store,7-Eleven,25.0645261,121.5831935
Convenience Store,7-Eleven,25.065187,121.5776628
Convenience Store,7-Eleven,25.0628934,121.5796477
Convenience Store,7-Eleven,25.0637729,121.5801144
Convenience Store,7-Eleven,25.0606727,121.5653622
Convenience Store,7-Eleven,25.0619653,121.5662742
Convenience Store,7-Eleven,25.0585346,121.565844
Convenience Store,7-Eleven,25.0394935,121.5652335
Convenience Store,7-Eleven,25.0387742,121.5668535
Convenience Store,7-Eleven,25.04066,121.5670252
Convenience Store,7-Eleven,25.0205274,121.5563822
Convenience Store,7-Eleven,25.0306812,121.5459713
Convenience Store,7-Eleven,25.0286498,121.5219802
Convenience Store,7-Eleven,25.0364758,121.5233334
Convenience Store,7-Eleven,25.034174,121.5312601
Convenience Store,7-Eleven,25.0452285,121.5310433
Convenience Store,7-Eleven,25.0589378,121.5334171
Convenience Store,7-Eleven,25.0672278,121.525628
Convenience Store,7-Eleven,25.0658624,121.5242118
Convenience Store,7-Eleven,25.0656778,121.5139389
Convenience Store,7-Eleven,25.059648,121.5113051
Convenience Store,7-Eleven,25.0606338,121.5145934
Convenience Store,7-Eleven,25.0762315,121.5755278
Convenience Store,7-Eleven,25.0510737,121.5689671
Convenience Store,7-Eleven,25.0527273,121.5677547
Convenience Store,7-Eleven,25.0513044,121.558854
Convenience Store,7-Eleven,25.0517222,121.5577815
Convenience Store,7-Eleven,25.0525839,121.5550169
Convenience Store,7-Eleven,25.0371725,121.5771443
Convenience Store,7-Eleven,25.0393999,121.5875907
Convenience Store,7-Eleven,25.0491456,121.5941906
Convenience Store,7-Eleven,25.0597858,121.5681142
Convenience Store,7-Eleven,25.0638297,121.5522074
Convenience Store,7-Eleven,25.0638157,121.54989
Convenience Store,7-Eleven,25.0618292,121.5450472
Convenience Store,7-Eleven,25.062559,121.5435653
Convenience Store,7-Eleven,25.0527995,121.5483686
Convenience Store,7-Eleven,25.0438288,121.5497678
Convenience Store,7-Eleven,25.0396199,121.5518922
Convenience Store,7-Eleven,25.0385701,121.5510875
Convenience Store,7-Eleven,25.0365409,121.5542364
Convenience Store,7-Eleven,25.0365846,121.5557089
Convenience Store,7-Eleven,25.0437135,121.5444427
Convenience Store,7-Eleven,25.0427186,121.5446077
Convenience Store,7-Eleven,25.1351204,121.5049439
Convenience Store,7-Eleven,25.0396824,121.5916072
Convenience Store,7-Eleven,24.988678,121.5736684
Convenience Store,7-Eleven,25.0446167,121.5810022
Convenience Store,7-Eleven,25.0539146,121.5236312
Convenience Store,7-Eleven,25.0331585,121.5292219
Convenience Store,7-Eleven,25.1250047,121.4671099
Convenience Store,7-Eleven,25.050796,121.523293
Convenience Store,7-Eleven,25.0519118,121.5259404
Convenience Store,7-Eleven,25.0199817,121.5038204
Convenience Store,7-Eleven,25.027912,121.5003393
Convenience Store,7-Eleven,25.084506,121.5933985
Convenience Store,7-Eleven,25.0772743,121.5750883
Convenience Store,7-Eleven,25.0489765,121.5550445
Convenience Store,7-Eleven,25.0338659,121.4992799
Convenience Store,7-Eleven,25.0630525,121.5198478
Convenience Store,7-Eleven,25.0415821,121.5558757
Convenience Store,7-Eleven,25.0259983,121.5082405
Convenience Store,7-Eleven,25.0211457,121.5279737
Convenience Store,7-Eleven,25.0512835,121.5270354
Convenience Store,7-Eleven,25.0460806,121.5137812
Convenience Store,7-Eleven,25.0439821,121.5125158
Convenience Store,7-Eleven,25.0572727,121.5230676
Convenience Store,7-Eleven,25.0767885,121.5804787
Convenience Store,7-Eleven,25.0315003,121.4949252
Convenience Store,7-Eleven,25.0240017,121.5243579
Convenience Store,7-Eleven,25.0687178,121.5159841
Convenience Store,7-Eleven,25.0496149,121.5183973
Convenience Store,7-Eleven,25.0497671,121.5176997
Convenience Store,7-Eleven,25.0529242,121.5117212
Convenience Store,7-Eleven,25.0602654,121.5112358
Convenience Store,7-Eleven,25.1239519,121.5325943
Convenience Store,7-Eleven,25.0273357,121.4935038
Convenience Store,7-Eleven,25.0261873,121.4944098
Convenience Store,7-Eleven,25.0512075,121.5406184
Convenience Store,7-Eleven,25.0435101,121.5740412
Convenience Store,7-Eleven,25.0457032,121.5739889
Convenience Store,7-Eleven,25.0504216,121.5626261
Convenience Store,7-Eleven,25.0599527,121.5444181
Convenience Store,7-Eleven,25.0413802,121.5085396
Convenience Store,7-Eleven,25.0616659,121.594051
Convenience Store,7-Eleven,25.0393185,121.5832988
Convenience Store,7-Eleven,25.1065158,121.5252938
Convenience Store,7-Eleven,25.0523021,121.528467
Convenience Store,7-Eleven,25.1143068,121.5300766
Convenience Store,7-Eleven,25.0501385,121.543756
Convenience Store,7-ELEVEN,25.0796871,121.5593109
Convenience Store,7-Eleven,25.0369431,121.5438882
Convenience Store,7-Eleven,25.04278942,121.5339838
Convenience Store,7-Eleven,25.10033488,121.5509479